{"cameraMode":{"drawMode":0,"name":"Shaded","section":"Shading Mode"},"sceneLighting":true,"audioPlay":false,"sceneViewState":{"m_AlwaysRefresh":false,"showFog":true,"showSkybox":true,"showFlares":true,"showImageEffects":true,"showParticleSystems":true,"showVisualEffectGraphs":true,"m_FxEnabled":true},"in2DMode":false,"pivot":{"x":-0.4890577793121338,"y":3.542872667312622,"z":-0.48686468601226809},"rotation":{"x":-0.10703887790441513,"y":0.8635007739067078,"z":-0.20665448904037476,"w":-0.44760242104530337},"size":1.4459384679794312,"orthographic":false}