{"cameraMode":{"drawMode":0,"name":"Shaded","section":"Shading Mode"},"sceneLighting":true,"audioPlay":false,"sceneViewState":{"m_AlwaysRefresh":false,"showFog":true,"showSkybox":true,"showFlares":true,"showImageEffects":true,"showParticleSystems":true,"showVisualEffectGraphs":true,"m_FxEnabled":true},"in2DMode":false,"pivot":{"x":-0.1846235990524292,"y":1.774118185043335,"z":-0.49714213609695437},"rotation":{"x":-0.23997828364372254,"y":0.5395729541778565,"z":-0.1639462113380432,"w":-0.7902777194976807},"size":1.0004072189331055,"orthographic":false}