{"cameraMode":{"drawMode":0,"name":"Shaded","section":"Shading Mode"},"sceneLighting":true,"audioPlay":false,"sceneViewState":{"m_AlwaysRefresh":false,"showFog":true,"showSkybox":true,"showFlares":true,"showImageEffects":true,"showParticleSystems":true,"showVisualEffectGraphs":true,"m_FxEnabled":true},"in2DMode":false,"pivot":{"x":-2.0579447746276857,"y":2.570284843444824,"z":-1.0657947063446046},"rotation":{"x":-0.041535377502441409,"y":0.9316986203193665,"z":-0.34273847937583926,"w":-0.1129133403301239},"size":1.8398642539978028,"orthographic":false}